{"lib/assets/icons/earth.png":["lib/assets/icons/earth.png"],"lib/assets/icons/hamburger.png":["lib/assets/icons/hamburger.png"],"lib/assets/icons/stink.png":["lib/assets/icons/stink.png"],"lib/assets/images/alzza_android.png":["lib/assets/images/alzza_android.png"],"lib/assets/images/alzza_back_2.png":["lib/assets/images/alzza_back_2.png"],"lib/assets/images/alzza_back_3.png":["lib/assets/images/alzza_back_3.png"],"lib/assets/images/alzza_back_4.png":["lib/assets/images/alzza_back_4.png"],"lib/assets/images/alzza_back_5.png":["lib/assets/images/alzza_back_5.png"],"lib/assets/images/alzza_back_6.png":["lib/assets/images/alzza_back_6.png"],"lib/assets/images/alzza_back_7.png":["lib/assets/images/alzza_back_7.png"],"lib/assets/images/alzza_back_8.png":["lib/assets/images/alzza_back_8.png"],"lib/assets/images/alzza_btn_1.png":["lib/assets/images/alzza_btn_1.png"],"lib/assets/images/alzza_btn_2.png":["lib/assets/images/alzza_btn_2.png"],"lib/assets/images/alzza_btn_3.png":["lib/assets/images/alzza_btn_3.png"],"lib/assets/images/alzza_four.png":["lib/assets/images/alzza_four.png"],"lib/assets/images/alzza_gray.png":["lib/assets/images/alzza_gray.png"],"lib/assets/images/alzza_image_1.png":["lib/assets/images/alzza_image_1.png"],"lib/assets/images/alzza_image_2.png":["lib/assets/images/alzza_image_2.png"],"lib/assets/images/alzza_image_3.png":["lib/assets/images/alzza_image_3.png"],"lib/assets/images/alzza_image_4.png":["lib/assets/images/alzza_image_4.png"],"lib/assets/images/alzza_image_5.png":["lib/assets/images/alzza_image_5.png"],"lib/assets/images/alzza_image_6.png":["lib/assets/images/alzza_image_6.png"],"lib/assets/images/alzza_image_7.png":["lib/assets/images/alzza_image_7.png"],"lib/assets/images/alzza_image_8.png":["lib/assets/images/alzza_image_8.png"],"lib/assets/images/alzza_image_text_1.png":["lib/assets/images/alzza_image_text_1.png"],"lib/assets/images/alzza_image_text_2.png":["lib/assets/images/alzza_image_text_2.png"],"lib/assets/images/alzza_image_text_3.png":["lib/assets/images/alzza_image_text_3.png"],"lib/assets/images/alzza_ios.png":["lib/assets/images/alzza_ios.png"],"lib/assets/images/alzza_mon.png":["lib/assets/images/alzza_mon.png"],"lib/assets/images/alzza_person.png":["lib/assets/images/alzza_person.png"],"lib/assets/images/alzza_round.png":["lib/assets/images/alzza_round.png"],"lib/assets/images/alzza_round_2.png":["lib/assets/images/alzza_round_2.png"],"lib/assets/images/alzza_round_3.png":["lib/assets/images/alzza_round_3.png"],"lib/assets/images/alzza_round_4.png":["lib/assets/images/alzza_round_4.png"],"lib/assets/images/alzza_round_5.png":["lib/assets/images/alzza_round_5.png"],"lib/assets/images/alzza_round_6.png":["lib/assets/images/alzza_round_6.png"],"lib/assets/images/alzza_round_7.png":["lib/assets/images/alzza_round_7.png"],"lib/assets/images/alzza_round_8.png":["lib/assets/images/alzza_round_8.png"],"lib/assets/images/alzza_scrolldown.png":["lib/assets/images/alzza_scrolldown.png"],"lib/assets/images/alzza_text.png":["lib/assets/images/alzza_text.png"],"lib/assets/images/alzza_text_10.png":["lib/assets/images/alzza_text_10.png"],"lib/assets/images/alzza_text_11.png":["lib/assets/images/alzza_text_11.png"],"lib/assets/images/alzza_text_12.png":["lib/assets/images/alzza_text_12.png"],"lib/assets/images/alzza_text_13.png":["lib/assets/images/alzza_text_13.png"],"lib/assets/images/alzza_text_14.png":["lib/assets/images/alzza_text_14.png"],"lib/assets/images/alzza_text_15.png":["lib/assets/images/alzza_text_15.png"],"lib/assets/images/alzza_text_16.png":["lib/assets/images/alzza_text_16.png"],"lib/assets/images/alzza_text_17.png":["lib/assets/images/alzza_text_17.png"],"lib/assets/images/alzza_text_18.png":["lib/assets/images/alzza_text_18.png"],"lib/assets/images/alzza_text_19.png":["lib/assets/images/alzza_text_19.png"],"lib/assets/images/alzza_text_2.png":["lib/assets/images/alzza_text_2.png"],"lib/assets/images/alzza_text_20.png":["lib/assets/images/alzza_text_20.png"],"lib/assets/images/alzza_text_21.png":["lib/assets/images/alzza_text_21.png"],"lib/assets/images/alzza_text_22.png":["lib/assets/images/alzza_text_22.png"],"lib/assets/images/alzza_text_23.png":["lib/assets/images/alzza_text_23.png"],"lib/assets/images/alzza_text_24.png":["lib/assets/images/alzza_text_24.png"],"lib/assets/images/alzza_text_25.png":["lib/assets/images/alzza_text_25.png"],"lib/assets/images/alzza_text_3.png":["lib/assets/images/alzza_text_3.png"],"lib/assets/images/alzza_text_4.png":["lib/assets/images/alzza_text_4.png"],"lib/assets/images/alzza_text_5.png":["lib/assets/images/alzza_text_5.png"],"lib/assets/images/alzza_text_6.png":["lib/assets/images/alzza_text_6.png"],"lib/assets/images/alzza_text_7.png":["lib/assets/images/alzza_text_7.png"],"lib/assets/images/alzza_text_8.png":["lib/assets/images/alzza_text_8.png"],"lib/assets/images/alzza_text_9.png":["lib/assets/images/alzza_text_9.png"],"lib/assets/images/alzza_thresh.png":["lib/assets/images/alzza_thresh.png"],"lib/assets/logos/logo_alzza.png":["lib/assets/logos/logo_alzza.png"],"lib/assets/logos/logo_everless.png":["lib/assets/logos/logo_everless.png"],"lib/fonts/Aggro-B.ttf":["lib/fonts/Aggro-B.ttf"],"lib/fonts/Aggro-L.ttf":["lib/fonts/Aggro-L.ttf"],"lib/fonts/Aggro-M.ttf":["lib/fonts/Aggro-M.ttf"],"lib/fonts/NotoSans-Bold.ttf":["lib/fonts/NotoSans-Bold.ttf"],"lib/fonts/NotoSans-Regular.ttf":["lib/fonts/NotoSans-Regular.ttf"],"packages/cupertino_icons/assets/CupertinoIcons.ttf":["packages/cupertino_icons/assets/CupertinoIcons.ttf"]}